"LOCATION","INDICATOR","SUBJECT","MEASURE","FREQUENCY","TIME","Value","Flag Codes"
"AUS","WATERABST","TOT","MLN_M3","A","1977",10900,
"AUS","WATERABST","TOT","MLN_M3","A","1985",14600,
"AUS","WATERABST","TOT","MLN_M3","A","1994",15055,
"AUS","WATERABST","TOT","MLN_M3","A","1995",24071,
"AUS","WATERABST","TOT","MLN_M3","A","1997",24071,
"AUS","WATERABST","TOT","MLN_M3","A","2001",22196,
"AUS","WATERABST","TOT","MLN_M3","A","2005",13280,
"AUS","WATERABST","TOT","MLN_M3","A","2009",14619,
"AUS","WATERABST","TOT","MLN_M3","A","2010",13849,
"AUS","WATERABST","TOT","MLN_M3","A","2011",13709,
"AUS","WATERABST","TOT","MLN_M3","A","2012",16354,
"AUS","WATERABST","TOT","MLN_M3","A","2013",20137,
"AUS","WATERABST","TOT","MLN_M3","A","2014",19369,
"AUS","WATERABST","TOT","MLN_M3","A","2015",18173,
"AUS","WATERABST","TOT","MLN_M3","A","2016",16773,
"AUS","WATERABST","TOT","MLN_M3","A","2017",17286,
"AUT","WATERABST","TOT","MLN_M3","A","1975",2620,
"AUT","WATERABST","TOT","MLN_M3","A","1980",3341.93994,
"AUT","WATERABST","TOT","MLN_M3","A","1985",3579.80005,
"AUT","WATERABST","TOT","MLN_M3","A","1990",3806.69141,
"AUT","WATERABST","TOT","MLN_M3","A","1995",3449.42627,
"BEL","WATERABST","TOT","MLN_M3","A","1970",9481,
"BEL","WATERABST","TOT","MLN_M3","A","1994",7010,
"BEL","WATERABST","TOT","MLN_M3","A","1995",8247.7998,
"BEL","WATERABST","TOT","MLN_M3","A","1996",7477.1001,
"BEL","WATERABST","TOT","MLN_M3","A","1997",7574.6001,
"BEL","WATERABST","TOT","MLN_M3","A","1998",7417.8999,
"BEL","WATERABST","TOT","MLN_M3","A","1999",7146.8999,
"BEL","WATERABST","TOT","MLN_M3","A","2000",7536.2002,
"BEL","WATERABST","TOT","MLN_M3","A","2001",6994.8999,
"BEL","WATERABST","TOT","MLN_M3","A","2002",6738.3999,
"BEL","WATERABST","TOT","MLN_M3","A","2003",6666,
"BEL","WATERABST","TOT","MLN_M3","A","2004",6447.1001,
"BEL","WATERABST","TOT","MLN_M3","A","2005",6388.7002,
"BEL","WATERABST","TOT","MLN_M3","A","2006",6444.7998,
"BEL","WATERABST","TOT","MLN_M3","A","2007",6217.2002,
"BEL","WATERABST","TOT","MLN_M3","A","2008",6129.2002,
"BEL","WATERABST","TOT","MLN_M3","A","2009",6005.2998,
"BEL","WATERABST","TOT","MLN_M3","A","2010",5953.12012,
"BEL","WATERABST","TOT","MLN_M3","A","2011",5082.3501,
"BEL","WATERABST","TOT","MLN_M3","A","2012",5300.54004,
"BEL","WATERABST","TOT","MLN_M3","A","2013",4829.0498,
"BEL","WATERABST","TOT","MLN_M3","A","2014",4556.5,
"BEL","WATERABST","TOT","MLN_M3","A","2015",3994.12012,
"CAN","WATERABST","TOT","MLN_M3","A","1972",24057,"E"
"CAN","WATERABST","TOT","MLN_M3","A","1981",37508,"E"
"CAN","WATERABST","TOT","MLN_M3","A","1986",42342,"E"
"CAN","WATERABST","TOT","MLN_M3","A","1989",43888,"E"
"CAN","WATERABST","TOT","MLN_M3","A","1991",45090,"E"
"CAN","WATERABST","TOT","MLN_M3","A","1995",47250,"E"
"CAN","WATERABST","TOT","MLN_M3","A","1996",42214,"E"
"CAN","WATERABST","TOT","MLN_M3","A","2011",31127.9,
"CAN","WATERABST","TOT","MLN_M3","A","2013",32322.9,
"CAN","WATERABST","TOT","MLN_M3","A","2015",30812,
"CZE","WATERABST","TOT","MLN_M3","A","1970",2904,
"CZE","WATERABST","TOT","MLN_M3","A","1980",3621.80005,
"CZE","WATERABST","TOT","MLN_M3","A","1985",3679.3999,
"CZE","WATERABST","TOT","MLN_M3","A","1990",3623.1001,
"CZE","WATERABST","TOT","MLN_M3","A","1992",3176.70679,
"CZE","WATERABST","TOT","MLN_M3","A","1993",3011.76001,
"CZE","WATERABST","TOT","MLN_M3","A","1994",2810.97998,
"CZE","WATERABST","TOT","MLN_M3","A","1995",2743.19995,
"CZE","WATERABST","TOT","MLN_M3","A","1996",2569.69995,
"CZE","WATERABST","TOT","MLN_M3","A","1997",2492.5,"E"
"CZE","WATERABST","TOT","MLN_M3","A","1998",2276.80005,
"CZE","WATERABST","TOT","MLN_M3","A","1999",1975.80005,
"CZE","WATERABST","TOT","MLN_M3","A","2000",1918,"E"
"CZE","WATERABST","TOT","MLN_M3","A","2001",1838.69995,
"CZE","WATERABST","TOT","MLN_M3","A","2002",1908.19995,
"CZE","WATERABST","TOT","MLN_M3","A","2003",2116.1001,
"CZE","WATERABST","TOT","MLN_M3","A","2004",2028,"E"
"CZE","WATERABST","TOT","MLN_M3","A","2005",1948.80005,
"CZE","WATERABST","TOT","MLN_M3","A","2006",1936.19995,
"CZE","WATERABST","TOT","MLN_M3","A","2007",1969.30005,
"CZE","WATERABST","TOT","MLN_M3","A","2008",1988.30005,
"CZE","WATERABST","TOT","MLN_M3","A","2009",1947.19995,
"CZE","WATERABST","TOT","MLN_M3","A","2010",1950.69995,
"CZE","WATERABST","TOT","MLN_M3","A","2011",1886.59998,
"CZE","WATERABST","TOT","MLN_M3","A","2012",1840.80005,
"CZE","WATERABST","TOT","MLN_M3","A","2013",1650.40002,
"CZE","WATERABST","TOT","MLN_M3","A","2014",1649.69995,
"CZE","WATERABST","TOT","MLN_M3","A","2015",1603.09998,
"CZE","WATERABST","TOT","MLN_M3","A","2016",1635.59998,
"CZE","WATERABST","TOT","MLN_M3","A","2017",1630.40002,
"CZE","WATERABST","TOT","MLN_M3","A","2018",1591.09998,
"DNK","WATERABST","TOT","MLN_M3","A","1970",720,
"DNK","WATERABST","TOT","MLN_M3","A","1975",1205,
"DNK","WATERABST","TOT","MLN_M3","A","1977",1205,
"DNK","WATERABST","TOT","MLN_M3","A","1980",1205,
"DNK","WATERABST","TOT","MLN_M3","A","1985",629.59998,
"DNK","WATERABST","TOT","MLN_M3","A","1989",1170,
"DNK","WATERABST","TOT","MLN_M3","A","1990",1261,
"DNK","WATERABST","TOT","MLN_M3","A","1991",907,
"DNK","WATERABST","TOT","MLN_M3","A","1995",887,
"DNK","WATERABST","TOT","MLN_M3","A","1996",961,"E"
"DNK","WATERABST","TOT","MLN_M3","A","1997",932.5,"E"
"DNK","WATERABST","TOT","MLN_M3","A","1998",753.79999,
"DNK","WATERABST","TOT","MLN_M3","A","1999",700.79999,
"DNK","WATERABST","TOT","MLN_M3","A","2000",726.09998,
"DNK","WATERABST","TOT","MLN_M3","A","2001",707.5,"E"
"DNK","WATERABST","TOT","MLN_M3","A","2002",667.90002,
"DNK","WATERABST","TOT","MLN_M3","A","2003",651.09998,
"DNK","WATERABST","TOT","MLN_M3","A","2004",677.20001,
"DNK","WATERABST","TOT","MLN_M3","A","2005",643.79999,
"DNK","WATERABST","TOT","MLN_M3","A","2006",675.79999,
"DNK","WATERABST","TOT","MLN_M3","A","2007",570.59998,
"DNK","WATERABST","TOT","MLN_M3","A","2008",696.09998,
"DNK","WATERABST","TOT","MLN_M3","A","2009",659.79999,
"DNK","WATERABST","TOT","MLN_M3","A","2010",942.65002,
"DNK","WATERABST","TOT","MLN_M3","A","2011",960.59003,
"DNK","WATERABST","TOT","MLN_M3","A","2012",871.96002,
"DNK","WATERABST","TOT","MLN_M3","A","2013",1014.91998,
"DNK","WATERABST","TOT","MLN_M3","A","2014",1012.15503,
"DNK","WATERABST","TOT","MLN_M3","A","2015",937.55499,
"DNK","WATERABST","TOT","MLN_M3","A","2016",886.995,
"DNK","WATERABST","TOT","MLN_M3","A","2017",890.89502,
"DNK","WATERABST","TOT","MLN_M3","A","2018",1074.66003,
"FIN","WATERABST","TOT","MLN_M3","A","1970",3300,
"FIN","WATERABST","TOT","MLN_M3","A","1975",3550,
"FIN","WATERABST","TOT","MLN_M3","A","1980",3700,
"FIN","WATERABST","TOT","MLN_M3","A","1985",4000,
"FIN","WATERABST","TOT","MLN_M3","A","1989",3001,
"FIN","WATERABST","TOT","MLN_M3","A","1990",2327,
"FIN","WATERABST","TOT","MLN_M3","A","1991",2657,
"FIN","WATERABST","TOT","MLN_M3","A","1992",2192,
"FIN","WATERABST","TOT","MLN_M3","A","1993",2331,
"FIN","WATERABST","TOT","MLN_M3","A","1994",2516.69995,
"FIN","WATERABST","TOT","MLN_M3","A","1995",2534.6001,
"FIN","WATERABST","TOT","MLN_M3","A","1999",2328.1001,
"FIN","WATERABST","TOT","MLN_M3","A","2001",2319.1001,
"FIN","WATERABST","TOT","MLN_M3","A","2006",6562,"E"
"FRA","WATERABST","TOT","MLN_M3","A","1970",23500,
"FRA","WATERABST","TOT","MLN_M3","A","1975",27000,"E"
"FRA","WATERABST","TOT","MLN_M3","A","1980",32973,
"FRA","WATERABST","TOT","MLN_M3","A","1981",30972,
"FRA","WATERABST","TOT","MLN_M3","A","1982",34529,
"FRA","WATERABST","TOT","MLN_M3","A","1983",33788,
"FRA","WATERABST","TOT","MLN_M3","A","1984",34949,
"FRA","WATERABST","TOT","MLN_M3","A","1985",34887,
"FRA","WATERABST","TOT","MLN_M3","A","1986",33625,
"FRA","WATERABST","TOT","MLN_M3","A","1987",34377,
"FRA","WATERABST","TOT","MLN_M3","A","1988",37028,
"FRA","WATERABST","TOT","MLN_M3","A","1989",36329,
"FRA","WATERABST","TOT","MLN_M3","A","1990",37687,
"FRA","WATERABST","TOT","MLN_M3","A","1991",39323,
"FRA","WATERABST","TOT","MLN_M3","A","1992",39219,
"FRA","WATERABST","TOT","MLN_M3","A","1993",39378,
"FRA","WATERABST","TOT","MLN_M3","A","1994",40671,
"FRA","WATERABST","TOT","MLN_M3","A","1997",30349.44336,
"FRA","WATERABST","TOT","MLN_M3","A","1998",32470.23242,
"FRA","WATERABST","TOT","MLN_M3","A","1999",32293,
"FRA","WATERABST","TOT","MLN_M3","A","2000",32715.40039,
"FRA","WATERABST","TOT","MLN_M3","A","2001",33544.19922,
"FRA","WATERABST","TOT","MLN_M3","A","2002",32392.75391,
"FRA","WATERABST","TOT","MLN_M3","A","2003",35434.77734,
"FRA","WATERABST","TOT","MLN_M3","A","2004",33749.51172,
"FRA","WATERABST","TOT","MLN_M3","A","2005",33872.5,"E"
"FRA","WATERABST","TOT","MLN_M3","A","2006",32552.19922,
"FRA","WATERABST","TOT","MLN_M3","A","2007",31410.03906,
"FRA","WATERABST","TOT","MLN_M3","A","2008",29203.5,
"FRA","WATERABST","TOT","MLN_M3","A","2009",29585.28906,
"FRA","WATERABST","TOT","MLN_M3","A","2010",28338.84961,
"FRA","WATERABST","TOT","MLN_M3","A","2011",28316.01953,
"FRA","WATERABST","TOT","MLN_M3","A","2012",30008.30078,
"FRA","WATERABST","TOT","MLN_M3","A","2013",27828.11914,
"FRA","WATERABST","TOT","MLN_M3","A","2014",27075.11914,
"FRA","WATERABST","TOT","MLN_M3","A","2015",28122.41016,
"FRA","WATERABST","TOT","MLN_M3","A","2016",26536.91016,
"FRA","WATERABST","TOT","MLN_M3","A","2017",27071.31445,
"DEU","WATERABST","TOT","MLN_M3","A","1979",42206,
"DEU","WATERABST","TOT","MLN_M3","A","1983",41216,
"DEU","WATERABST","TOT","MLN_M3","A","1987",44582,
"DEU","WATERABST","TOT","MLN_M3","A","1991",46272,
"DEU","WATERABST","TOT","MLN_M3","A","1995",43374,
"DEU","WATERABST","TOT","MLN_M3","A","1998",40590,
"DEU","WATERABST","TOT","MLN_M3","A","2001",38006.19922,
"DEU","WATERABST","TOT","MLN_M3","A","2004",35557,"E"
"DEU","WATERABST","TOT","MLN_M3","A","2007",32301.09961,
"DEU","WATERABST","TOT","MLN_M3","A","2010",33036,"E"
"DEU","WATERABST","TOT","MLN_M3","A","2013",25326.83984,
"DEU","WATERABST","TOT","MLN_M3","A","2016",24439.66992,
"GRC","WATERABST","TOT","MLN_M3","A","1970",4254,
"GRC","WATERABST","TOT","MLN_M3","A","1975",5847,
"GRC","WATERABST","TOT","MLN_M3","A","1980",5040,
"GRC","WATERABST","TOT","MLN_M3","A","1985",5496,
"GRC","WATERABST","TOT","MLN_M3","A","1990",7862.2998,
"GRC","WATERABST","TOT","MLN_M3","A","1991",7733.6001,
"GRC","WATERABST","TOT","MLN_M3","A","1992",8037.3999,
"GRC","WATERABST","TOT","MLN_M3","A","1993",7734.7998,
"GRC","WATERABST","TOT","MLN_M3","A","1995",7787.5,
"GRC","WATERABST","TOT","MLN_M3","A","1996",7721.2998,
"GRC","WATERABST","TOT","MLN_M3","A","1997",8585.40039,
"GRC","WATERABST","TOT","MLN_M3","A","2000",9924.40039,
"GRC","WATERABST","TOT","MLN_M3","A","2001",9773.7002,
"GRC","WATERABST","TOT","MLN_M3","A","2002",9259.5,
"GRC","WATERABST","TOT","MLN_M3","A","2003",9455.90039,
"GRC","WATERABST","TOT","MLN_M3","A","2004",9576.40039,
"GRC","WATERABST","TOT","MLN_M3","A","2005",9653.90039,
"GRC","WATERABST","TOT","MLN_M3","A","2006",9447.2998,
"GRC","WATERABST","TOT","MLN_M3","A","2007",9471.59961,
"GRC","WATERABST","TOT","MLN_M3","A","2011",10028.0498,
"GRC","WATERABST","TOT","MLN_M3","A","2012",10029.55957,
"GRC","WATERABST","TOT","MLN_M3","A","2013",10027.9502,
"GRC","WATERABST","TOT","MLN_M3","A","2014",10009.42969,
"GRC","WATERABST","TOT","MLN_M3","A","2015",10012.69043,
"GRC","WATERABST","TOT","MLN_M3","A","2016",10135.61426,
"GRC","WATERABST","TOT","MLN_M3","A","2017",10133.88281,
"GRC","WATERABST","TOT","MLN_M3","A","2018",10122.7832,
"HUN","WATERABST","TOT","MLN_M3","A","1970",2980.3999,
"HUN","WATERABST","TOT","MLN_M3","A","1975",3965.90015,
"HUN","WATERABST","TOT","MLN_M3","A","1980",4805.2998,
"HUN","WATERABST","TOT","MLN_M3","A","1985",6266.69971,
"HUN","WATERABST","TOT","MLN_M3","A","1990",6292.7998,
"HUN","WATERABST","TOT","MLN_M3","A","1992",7136.8999,
"HUN","WATERABST","TOT","MLN_M3","A","1993",6638,
"HUN","WATERABST","TOT","MLN_M3","A","1994",6258.69971,
"HUN","WATERABST","TOT","MLN_M3","A","1995",6054.3999,
"HUN","WATERABST","TOT","MLN_M3","A","1996",6010.7998,
"HUN","WATERABST","TOT","MLN_M3","A","1997",5767.3999,
"HUN","WATERABST","TOT","MLN_M3","A","1998",5771.3999,
"HUN","WATERABST","TOT","MLN_M3","A","1999",5540,"E"
"HUN","WATERABST","TOT","MLN_M3","A","2000",6621,"B"
"HUN","WATERABST","TOT","MLN_M3","A","2001",6700,
"HUN","WATERABST","TOT","MLN_M3","A","2002",6538,
"HUN","WATERABST","TOT","MLN_M3","A","2003",6227.3999,
"HUN","WATERABST","TOT","MLN_M3","A","2004",5817.5,
"HUN","WATERABST","TOT","MLN_M3","A","2005",4928.6001,
"HUN","WATERABST","TOT","MLN_M3","A","2006",4916.6001,
"HUN","WATERABST","TOT","MLN_M3","A","2007",5278.7002,
"HUN","WATERABST","TOT","MLN_M3","A","2008",5431.7002,
"HUN","WATERABST","TOT","MLN_M3","A","2009",6342.1001,
"HUN","WATERABST","TOT","MLN_M3","A","2010",5370,"E"
"HUN","WATERABST","TOT","MLN_M3","A","2011",5225,"E"
"HUN","WATERABST","TOT","MLN_M3","A","2012",5051,"E"
"HUN","WATERABST","TOT","MLN_M3","A","2013",5250.04004,
"HUN","WATERABST","TOT","MLN_M3","A","2014",3922.6001,
"HUN","WATERABST","TOT","MLN_M3","A","2015",4029.65991,
"HUN","WATERABST","TOT","MLN_M3","A","2016",3958.82007,
"ISL","WATERABST","TOT","MLN_M3","A","1980",108,"E"
"ISL","WATERABST","TOT","MLN_M3","A","1985",112,"E"
"ISL","WATERABST","TOT","MLN_M3","A","1992",167,"E"
"ISL","WATERABST","TOT","MLN_M3","A","1993",167,"E"
"ISL","WATERABST","TOT","MLN_M3","A","1994",164,"E"
"ISL","WATERABST","TOT","MLN_M3","A","1995",165,"E"
"ISL","WATERABST","TOT","MLN_M3","A","1996",162,"E"
"ISL","WATERABST","TOT","MLN_M3","A","1997",160,"E"
"ISL","WATERABST","TOT","MLN_M3","A","1998",161,"E"
"ISL","WATERABST","TOT","MLN_M3","A","1999",160,"E"
"ISL","WATERABST","TOT","MLN_M3","A","2000",163,"E"
"ISL","WATERABST","TOT","MLN_M3","A","2001",164,"E"
"ISL","WATERABST","TOT","MLN_M3","A","2002",165,"E"
"ISL","WATERABST","TOT","MLN_M3","A","2003",165,"E"
"ISL","WATERABST","TOT","MLN_M3","A","2004",165,"E"
"ISL","WATERABST","TOT","MLN_M3","A","2005",163,"E"
"ISL","WATERABST","TOT","MLN_M3","A","2010",1949,"B"
"ISL","WATERABST","TOT","MLN_M3","A","2011",2148,"E"
"ISL","WATERABST","TOT","MLN_M3","A","2012",2195,"E"
"ISL","WATERABST","TOT","MLN_M3","A","2013",2018,"E"
"ISL","WATERABST","TOT","MLN_M3","A","2014",1453,"E"
"IRL","WATERABST","TOT","MLN_M3","A","1980",1070,
"IRL","WATERABST","TOT","MLN_M3","A","2005",799,"E"
"IRL","WATERABST","TOT","MLN_M3","A","2007",730,"E"
"IRL","WATERABST","TOT","MLN_M3","A","2009",757,"E"
"IRL","WATERABST","TOT","MLN_M3","A","2018",1630,
"ITA","WATERABST","TOT","MLN_M3","A","1970",41900,
"ITA","WATERABST","TOT","MLN_M3","A","1980",56200,
"ITA","WATERABST","TOT","MLN_M3","A","1989",56200,
"ITA","WATERABST","TOT","MLN_M3","A","1998",41982,"E"
"ITA","WATERABST","TOT","MLN_M3","A","2008",53751,"E"
"JPN","WATERABST","TOT","MLN_M3","A","1975",87600,"E"
"JPN","WATERABST","TOT","MLN_M3","A","1980",85991,
"JPN","WATERABST","TOT","MLN_M3","A","1985",87209,
"JPN","WATERABST","TOT","MLN_M3","A","1987",89290,
"JPN","WATERABST","TOT","MLN_M3","A","1990",88906,
"JPN","WATERABST","TOT","MLN_M3","A","1995",88881,
"JPN","WATERABST","TOT","MLN_M3","A","2000",86972,
"JPN","WATERABST","TOT","MLN_M3","A","2001",85489,
"JPN","WATERABST","TOT","MLN_M3","A","2002",84648,
"JPN","WATERABST","TOT","MLN_M3","A","2003",83894,
"JPN","WATERABST","TOT","MLN_M3","A","2004",83537,
"JPN","WATERABST","TOT","MLN_M3","A","2005",83427,
"JPN","WATERABST","TOT","MLN_M3","A","2006",83107,
"JPN","WATERABST","TOT","MLN_M3","A","2007",82980,
"JPN","WATERABST","TOT","MLN_M3","A","2008",82400,
"JPN","WATERABST","TOT","MLN_M3","A","2009",81454,
"JPN","WATERABST","TOT","MLN_M3","A","2010",81467,
"JPN","WATERABST","TOT","MLN_M3","A","2011",80897,
"JPN","WATERABST","TOT","MLN_M3","A","2012",80500,
"JPN","WATERABST","TOT","MLN_M3","A","2013",80170,
"JPN","WATERABST","TOT","MLN_M3","A","2014",80067,
"JPN","WATERABST","TOT","MLN_M3","A","2015",79851,
"JPN","WATERABST","TOT","MLN_M3","A","2016",79628,
"KOR","WATERABST","TOT","MLN_M3","A","1980",13751,
"KOR","WATERABST","TOT","MLN_M3","A","1985",18580,
"KOR","WATERABST","TOT","MLN_M3","A","1990",19694,
"KOR","WATERABST","TOT","MLN_M3","A","1994",23700,
"KOR","WATERABST","TOT","MLN_M3","A","1995",24359,
"KOR","WATERABST","TOT","MLN_M3","A","1997",25443.37109,
"KOR","WATERABST","TOT","MLN_M3","A","1998",26020,
"KOR","WATERABST","TOT","MLN_M3","A","2000",20625,
"KOR","WATERABST","TOT","MLN_M3","A","2002",29163,
"KOR","WATERABST","TOT","MLN_M3","A","2003",29163,
"KOR","WATERABST","TOT","MLN_M3","A","2005",21020,
"KOR","WATERABST","TOT","MLN_M3","A","2006",20265,
"KOR","WATERABST","TOT","MLN_M3","A","2007",18665,
"KOR","WATERABST","TOT","MLN_M3","A","2008",22063,
"KOR","WATERABST","TOT","MLN_M3","A","2009",22699,
"KOR","WATERABST","TOT","MLN_M3","A","2010",19564,
"KOR","WATERABST","TOT","MLN_M3","A","2011",19535,
"KOR","WATERABST","TOT","MLN_M3","A","2012",21222,
"KOR","WATERABST","TOT","MLN_M3","A","2013",23871,"B"
"KOR","WATERABST","TOT","MLN_M3","A","2014",25100,
"KOR","WATERABST","TOT","MLN_M3","A","2015",26701.29297,
"KOR","WATERABST","TOT","MLN_M3","A","2016",26377.46875,
"KOR","WATERABST","TOT","MLN_M3","A","2017",23403.5,
"LUX","WATERABST","TOT","MLN_M3","A","1970",34.8,
"LUX","WATERABST","TOT","MLN_M3","A","1975",42.5,
"LUX","WATERABST","TOT","MLN_M3","A","1980",39.7,
"LUX","WATERABST","TOT","MLN_M3","A","1985",67,
"LUX","WATERABST","TOT","MLN_M3","A","1989",59,
"LUX","WATERABST","TOT","MLN_M3","A","1995",57,
"LUX","WATERABST","TOT","MLN_M3","A","1999",60.8,
"LUX","WATERABST","TOT","MLN_M3","A","2009",47,"E"
"LUX","WATERABST","TOT","MLN_M3","A","2010",47.6,
"LUX","WATERABST","TOT","MLN_M3","A","2011",46.3,
"LUX","WATERABST","TOT","MLN_M3","A","2012",44.6,
"LUX","WATERABST","TOT","MLN_M3","A","2013",43.15,
"LUX","WATERABST","TOT","MLN_M3","A","2014",45.953,
"LUX","WATERABST","TOT","MLN_M3","A","2015",45.31,
"LUX","WATERABST","TOT","MLN_M3","A","2016",45,"E"
"MEX","WATERABST","TOT","MLN_M3","A","1975",54200,
"MEX","WATERABST","TOT","MLN_M3","A","1980",56003,
"MEX","WATERABST","TOT","MLN_M3","A","1994",73641,
"MEX","WATERABST","TOT","MLN_M3","A","1995",73672,
"MEX","WATERABST","TOT","MLN_M3","A","1997",70518,
"MEX","WATERABST","TOT","MLN_M3","A","1998",79355,
"MEX","WATERABST","TOT","MLN_M3","A","1999",78593,
"MEX","WATERABST","TOT","MLN_M3","A","2000",70427.67969,
"MEX","WATERABST","TOT","MLN_M3","A","2001",68829.64844,
"MEX","WATERABST","TOT","MLN_M3","A","2002",72650.78125,
"MEX","WATERABST","TOT","MLN_M3","A","2003",74687.34375,
"MEX","WATERABST","TOT","MLN_M3","A","2004",75433.17969,
"MEX","WATERABST","TOT","MLN_M3","A","2005",76508.42188,
"MEX","WATERABST","TOT","MLN_M3","A","2006",77322.04688,
"MEX","WATERABST","TOT","MLN_M3","A","2007",78949.5625,
"MEX","WATERABST","TOT","MLN_M3","A","2008",79752.28125,
"MEX","WATERABST","TOT","MLN_M3","A","2009",80587,
"MEX","WATERABST","TOT","MLN_M3","A","2010",80213.45313,
"MEX","WATERABST","TOT","MLN_M3","A","2011",81588.14844,
"MEX","WATERABST","TOT","MLN_M3","A","2012",82733.71094,
"MEX","WATERABST","TOT","MLN_M3","A","2013",81651.19531,
"MEX","WATERABST","TOT","MLN_M3","A","2014",84928.80469,
"MEX","WATERABST","TOT","MLN_M3","A","2015",85664.25,
"MEX","WATERABST","TOT","MLN_M3","A","2016",86576.75,
"MEX","WATERABST","TOT","MLN_M3","A","2017",87841.52344,
"NLD","WATERABST","TOT","MLN_M3","A","1970",11944,
"NLD","WATERABST","TOT","MLN_M3","A","1972",11944,
"NLD","WATERABST","TOT","MLN_M3","A","1975",13083,
"NLD","WATERABST","TOT","MLN_M3","A","1976",13083,
"NLD","WATERABST","TOT","MLN_M3","A","1980",9198,
"NLD","WATERABST","TOT","MLN_M3","A","1981",9198,
"NLD","WATERABST","TOT","MLN_M3","A","1985",9350,
"NLD","WATERABST","TOT","MLN_M3","A","1986",9349,
"NLD","WATERABST","TOT","MLN_M3","A","1990",7800,
"NLD","WATERABST","TOT","MLN_M3","A","1991",7800,
"NLD","WATERABST","TOT","MLN_M3","A","1996",6506.5,
"NLD","WATERABST","TOT","MLN_M3","A","2001",8914.7002,
"NLD","WATERABST","TOT","MLN_M3","A","2003",10639.95996,
"NLD","WATERABST","TOT","MLN_M3","A","2004",11681.51953,
"NLD","WATERABST","TOT","MLN_M3","A","2005",11538.70996,
"NLD","WATERABST","TOT","MLN_M3","A","2006",11047.50977,
"NLD","WATERABST","TOT","MLN_M3","A","2007",10948.63965,
"NLD","WATERABST","TOT","MLN_M3","A","2008",10707.7002,
"NLD","WATERABST","TOT","MLN_M3","A","2009",11410.84961,
"NLD","WATERABST","TOT","MLN_M3","A","2010",10931.16016,
"NLD","WATERABST","TOT","MLN_M3","A","2011",10188.05957,
"NLD","WATERABST","TOT","MLN_M3","A","2012",10738.80957,
"NLD","WATERABST","TOT","MLN_M3","A","2013",10638.88965,
"NLD","WATERABST","TOT","MLN_M3","A","2014",9408.12012,
"NLD","WATERABST","TOT","MLN_M3","A","2015",8410.83984,
"NLD","WATERABST","TOT","MLN_M3","A","2016",7988.70996,
"NZL","WATERABST","TOT","MLN_M3","A","1999",3139.59985,
"NZL","WATERABST","TOT","MLN_M3","A","2006",4907.7002,
"NZL","WATERABST","TOT","MLN_M3","A","2010",5200.5,
"NZL","WATERABST","TOT","MLN_M3","A","2014",9874.34961,
"NOR","WATERABST","TOT","MLN_M3","A","1975",2380,
"NOR","WATERABST","TOT","MLN_M3","A","1985",2025,
"NOR","WATERABST","TOT","MLN_M3","A","1996",2420,"B"
"NOR","WATERABST","TOT","MLN_M3","A","1997",2420,
"NOR","WATERABST","TOT","MLN_M3","A","1999",2348,
"NOR","WATERABST","TOT","MLN_M3","A","2003",2476,
"NOR","WATERABST","TOT","MLN_M3","A","2005",2864,
"NOR","WATERABST","TOT","MLN_M3","A","2006",2939,
"NOR","WATERABST","TOT","MLN_M3","A","2007",3026,
"POL","WATERABST","TOT","MLN_M3","A","1970",10113.2002,
"POL","WATERABST","TOT","MLN_M3","A","1975",13530.2998,
"POL","WATERABST","TOT","MLN_M3","A","1980",15130.5,
"POL","WATERABST","TOT","MLN_M3","A","1985",16408.5,
"POL","WATERABST","TOT","MLN_M3","A","1989",16050.90039,
"POL","WATERABST","TOT","MLN_M3","A","1990",15164.40039,
"POL","WATERABST","TOT","MLN_M3","A","1991",14042.5,
"POL","WATERABST","TOT","MLN_M3","A","1992",13393.7998,
"POL","WATERABST","TOT","MLN_M3","A","1993",13067.40039,
"POL","WATERABST","TOT","MLN_M3","A","1994",12891,
"POL","WATERABST","TOT","MLN_M3","A","1995",12924.2002,
"POL","WATERABST","TOT","MLN_M3","A","1996",12892.2998,
"POL","WATERABST","TOT","MLN_M3","A","1997",12798.90039,
"POL","WATERABST","TOT","MLN_M3","A","1998",12245.40039,
"POL","WATERABST","TOT","MLN_M3","A","1999",12245.5,"E"
"POL","WATERABST","TOT","MLN_M3","A","2000",11993.7998,
"POL","WATERABST","TOT","MLN_M3","A","2001",11598.7002,
"POL","WATERABST","TOT","MLN_M3","A","2002",11728.2002,
"POL","WATERABST","TOT","MLN_M3","A","2003",11547.7002,
"POL","WATERABST","TOT","MLN_M3","A","2004",11476.59961,
"POL","WATERABST","TOT","MLN_M3","A","2005",11521.90039,
"POL","WATERABST","TOT","MLN_M3","A","2006",12407,"E"
"POL","WATERABST","TOT","MLN_M3","A","2007",12027,"E"
"POL","WATERABST","TOT","MLN_M3","A","2008",11364.90039,
"POL","WATERABST","TOT","MLN_M3","A","2009",11517.2998,
"POL","WATERABST","TOT","MLN_M3","A","2010",11644.90039,
"POL","WATERABST","TOT","MLN_M3","A","2011",11910.7998,
"POL","WATERABST","TOT","MLN_M3","A","2012",11478.5,"E"
"POL","WATERABST","TOT","MLN_M3","A","2013",11242.7002,
"POL","WATERABST","TOT","MLN_M3","A","2014",11308.5,"E"
"POL","WATERABST","TOT","MLN_M3","A","2015",11093.5,"E"
"POL","WATERABST","TOT","MLN_M3","A","2016",11152.87012,
"POL","WATERABST","TOT","MLN_M3","A","2017",10651.99023,
"POL","WATERABST","TOT","MLN_M3","A","2018",10333.66797,
"PRT","WATERABST","TOT","MLN_M3","A","1980",10500,
"PRT","WATERABST","TOT","MLN_M3","A","1985",2003,
"PRT","WATERABST","TOT","MLN_M3","A","1989",7288,
"PRT","WATERABST","TOT","MLN_M3","A","1990",7288,
"PRT","WATERABST","TOT","MLN_M3","A","1991",8600,
"PRT","WATERABST","TOT","MLN_M3","A","1998",11090,"E"
"PRT","WATERABST","TOT","MLN_M3","A","2007",9151,
"PRT","WATERABST","TOT","MLN_M3","A","2017",4836.87012,
"SVK","WATERABST","TOT","MLN_M3","A","1970",1484,
"SVK","WATERABST","TOT","MLN_M3","A","1975",1949,
"SVK","WATERABST","TOT","MLN_M3","A","1980",2232,
"SVK","WATERABST","TOT","MLN_M3","A","1985",2060,
"SVK","WATERABST","TOT","MLN_M3","A","1989",2096,
"SVK","WATERABST","TOT","MLN_M3","A","1990",2116,
"SVK","WATERABST","TOT","MLN_M3","A","1991",1732,
"SVK","WATERABST","TOT","MLN_M3","A","1992",1665,
"SVK","WATERABST","TOT","MLN_M3","A","1993",1585,
"SVK","WATERABST","TOT","MLN_M3","A","1994",1405,
"SVK","WATERABST","TOT","MLN_M3","A","1995",1386,
"SVK","WATERABST","TOT","MLN_M3","A","1996",1371,"E"
"SVK","WATERABST","TOT","MLN_M3","A","1997",1310,"E"
"SVK","WATERABST","TOT","MLN_M3","A","1998",1226,"E"
"SVK","WATERABST","TOT","MLN_M3","A","1999",1162,"E"
"SVK","WATERABST","TOT","MLN_M3","A","2000",1171.5,"E"
"SVK","WATERABST","TOT","MLN_M3","A","2001",1138.5,"E"
"SVK","WATERABST","TOT","MLN_M3","A","2002",1094.40002,
"SVK","WATERABST","TOT","MLN_M3","A","2003",1040.59998,
"SVK","WATERABST","TOT","MLN_M3","A","2005",906.90002,
"SVK","WATERABST","TOT","MLN_M3","A","2006",763.09998,
"SVK","WATERABST","TOT","MLN_M3","A","2007",687.90002,
"SVK","WATERABST","TOT","MLN_M3","A","2008",663.70001,
"SVK","WATERABST","TOT","MLN_M3","A","2009",628.09998,
"SVK","WATERABST","TOT","MLN_M3","A","2010",600.70001,
"SVK","WATERABST","TOT","MLN_M3","A","2011",593.09998,
"SVK","WATERABST","TOT","MLN_M3","A","2012",665.29999,
"SVK","WATERABST","TOT","MLN_M3","A","2013",637.40002,
"SVK","WATERABST","TOT","MLN_M3","A","2014",559.29999,
"SVK","WATERABST","TOT","MLN_M3","A","2015",573.59998,
"SVK","WATERABST","TOT","MLN_M3","A","2016",555.29999,
"SVK","WATERABST","TOT","MLN_M3","A","2017",578.59998,
"SVK","WATERABST","TOT","MLN_M3","A","2018",573.09998,
"ESP","WATERABST","TOT","MLN_M3","A","1970",24600,
"ESP","WATERABST","TOT","MLN_M3","A","1975",36080,
"ESP","WATERABST","TOT","MLN_M3","A","1980",39920,
"ESP","WATERABST","TOT","MLN_M3","A","1985",46250,
"ESP","WATERABST","TOT","MLN_M3","A","1989",45845,
"ESP","WATERABST","TOT","MLN_M3","A","1991",36900,
"ESP","WATERABST","TOT","MLN_M3","A","1993",30750,
"ESP","WATERABST","TOT","MLN_M3","A","1995",33288,
"ESP","WATERABST","TOT","MLN_M3","A","1997",34602.5,"E"
"ESP","WATERABST","TOT","MLN_M3","A","1998",36838.60156,
"ESP","WATERABST","TOT","MLN_M3","A","1999",38280.89844,
"ESP","WATERABST","TOT","MLN_M3","A","2000",36537.60156,
"ESP","WATERABST","TOT","MLN_M3","A","2001",36120,"E"
"ESP","WATERABST","TOT","MLN_M3","A","2002",35939.60156,
"ESP","WATERABST","TOT","MLN_M3","A","2003",36598.19922,
"ESP","WATERABST","TOT","MLN_M3","A","2004",36079.89844,
"ESP","WATERABST","TOT","MLN_M3","A","2005",38029.80078,
"ESP","WATERABST","TOT","MLN_M3","A","2006",36328.19922,
"ESP","WATERABST","TOT","MLN_M3","A","2007",35573,"E"
"ESP","WATERABST","TOT","MLN_M3","A","2008",35373,"E"
"ESP","WATERABST","TOT","MLN_M3","A","2009",36122,"E"
"ESP","WATERABST","TOT","MLN_M3","A","2010",35310,"E"
"ESP","WATERABST","TOT","MLN_M3","A","2011",35069.39844,
"ESP","WATERABST","TOT","MLN_M3","A","2012",34309.03125,
"ESP","WATERABST","TOT","MLN_M3","A","2013",32346.24023,
"ESP","WATERABST","TOT","MLN_M3","A","2014",32916.41016,
"ESP","WATERABST","TOT","MLN_M3","A","2015",31556.2207,
"ESP","WATERABST","TOT","MLN_M3","A","2016",31259.84961,
"SWE","WATERABST","TOT","MLN_M3","A","1970",4073,
"SWE","WATERABST","TOT","MLN_M3","A","1975",4135,
"SWE","WATERABST","TOT","MLN_M3","A","1976",4106,
"SWE","WATERABST","TOT","MLN_M3","A","1980",4106,
"SWE","WATERABST","TOT","MLN_M3","A","1985",2970,
"SWE","WATERABST","TOT","MLN_M3","A","1989",2973,
"SWE","WATERABST","TOT","MLN_M3","A","1990",2968,
"SWE","WATERABST","TOT","MLN_M3","A","1991",2970,
"SWE","WATERABST","TOT","MLN_M3","A","1992",2973,
"SWE","WATERABST","TOT","MLN_M3","A","1993",2957,
"SWE","WATERABST","TOT","MLN_M3","A","1994",2961,
"SWE","WATERABST","TOT","MLN_M3","A","1995",2725,
"SWE","WATERABST","TOT","MLN_M3","A","1996",2725,"E"
"SWE","WATERABST","TOT","MLN_M3","A","1997",2711,"E"
"SWE","WATERABST","TOT","MLN_M3","A","1998",2711,"E"
"SWE","WATERABST","TOT","MLN_M3","A","1999",2711,"E"
"SWE","WATERABST","TOT","MLN_M3","A","2000",2688,"E"
"SWE","WATERABST","TOT","MLN_M3","A","2001",2676,"E"
"SWE","WATERABST","TOT","MLN_M3","A","2002",2676,"E"
"SWE","WATERABST","TOT","MLN_M3","A","2003",2676,"E"
"SWE","WATERABST","TOT","MLN_M3","A","2004",2676,"E"
"SWE","WATERABST","TOT","MLN_M3","A","2005",2631,"E"
"SWE","WATERABST","TOT","MLN_M3","A","2006",2631,"E"
"SWE","WATERABST","TOT","MLN_M3","A","2007",2631,"E"
"SWE","WATERABST","TOT","MLN_M3","A","2010",2811,"E"
"SWE","WATERABST","TOT","MLN_M3","A","2015",2375,"E"
"CHE","WATERABST","TOT","MLN_M3","A","1975",2598,
"CHE","WATERABST","TOT","MLN_M3","A","1980",2589,
"CHE","WATERABST","TOT","MLN_M3","A","1985",2646,
"CHE","WATERABST","TOT","MLN_M3","A","1989",2670,
"CHE","WATERABST","TOT","MLN_M3","A","1990",2665,
"CHE","WATERABST","TOT","MLN_M3","A","1991",2696,
"CHE","WATERABST","TOT","MLN_M3","A","1992",2695,
"CHE","WATERABST","TOT","MLN_M3","A","1993",2569,
"CHE","WATERABST","TOT","MLN_M3","A","1994",2595,
"CHE","WATERABST","TOT","MLN_M3","A","1995",2570.5,
"CHE","WATERABST","TOT","MLN_M3","A","1996",2554.8999,
"CHE","WATERABST","TOT","MLN_M3","A","1997",2558.5,
"CHE","WATERABST","TOT","MLN_M3","A","1998",2565.80005,
"CHE","WATERABST","TOT","MLN_M3","A","1999",2560.19995,
"CHE","WATERABST","TOT","MLN_M3","A","2001",2539,
"CHE","WATERABST","TOT","MLN_M3","A","2002",2518,
"CHE","WATERABST","TOT","MLN_M3","A","2003",2588,
"CHE","WATERABST","TOT","MLN_M3","A","2004",2532,
"CHE","WATERABST","TOT","MLN_M3","A","2012",2004.80005,
"TUR","WATERABST","TOT","MLN_M3","A","1970",11760,
"TUR","WATERABST","TOT","MLN_M3","A","1975",16041,
"TUR","WATERABST","TOT","MLN_M3","A","1980",16200,
"TUR","WATERABST","TOT","MLN_M3","A","1985",19400,"E"
"TUR","WATERABST","TOT","MLN_M3","A","1989",23750,"E"
"TUR","WATERABST","TOT","MLN_M3","A","1990",28073,
"TUR","WATERABST","TOT","MLN_M3","A","1991",32200,"E"
"TUR","WATERABST","TOT","MLN_M3","A","1992",32800,"E"
"TUR","WATERABST","TOT","MLN_M3","A","1993",33500,"E"
"TUR","WATERABST","TOT","MLN_M3","A","1995",33482,
"TUR","WATERABST","TOT","MLN_M3","A","1996",34078,"E"
"TUR","WATERABST","TOT","MLN_M3","A","1997",35552,"E"
"TUR","WATERABST","TOT","MLN_M3","A","1998",37490,"E"
"TUR","WATERABST","TOT","MLN_M3","A","1999",38450,
"TUR","WATERABST","TOT","MLN_M3","A","2000",43650,"E"
"TUR","WATERABST","TOT","MLN_M3","A","2001",44450,"E"
"TUR","WATERABST","TOT","MLN_M3","A","2002",40016.19922,
"TUR","WATERABST","TOT","MLN_M3","A","2003",40848.60156,
"TUR","WATERABST","TOT","MLN_M3","A","2004",44902.60156,
"TUR","WATERABST","TOT","MLN_M3","A","2005",44683.69922,
"TUR","WATERABST","TOT","MLN_M3","A","2006",43717.5,"E"
"TUR","WATERABST","TOT","MLN_M3","A","2007",39678.30078,
"TUR","WATERABST","TOT","MLN_M3","A","2008",42008.30078,
"TUR","WATERABST","TOT","MLN_M3","A","2009",45130.10156,
"TUR","WATERABST","TOT","MLN_M3","A","2010",46956,"E"
"TUR","WATERABST","TOT","MLN_M3","A","2012",50509.92188,
"TUR","WATERABST","TOT","MLN_M3","A","2014",51970.94922,
"TUR","WATERABST","TOT","MLN_M3","A","2015",53713.42969,
"TUR","WATERABST","TOT","MLN_M3","A","2016",59613.01953,
"TUR","WATERABST","TOT","MLN_M3","A","2018",61093.57813,
"USA","WATERABST","TOT","MLN_M3","A","1980",501484.5,"E"
"USA","WATERABST","TOT","MLN_M3","A","1985",464736.59375,
"USA","WATERABST","TOT","MLN_M3","A","1990",462249.90625,
"USA","WATERABST","TOT","MLN_M3","A","1995",466118.09375,
"USA","WATERABST","TOT","MLN_M3","A","2000",482557.9375,
"USA","WATERABST","TOT","MLN_M3","A","2005",482972.40625,
"USA","WATERABST","TOT","MLN_M3","A","2010",422747,
"USA","WATERABST","TOT","MLN_M3","A","2015",387242,
"EST","WATERABST","TOT","MLN_M3","A","1980",3129,
"EST","WATERABST","TOT","MLN_M3","A","1985",3047,
"EST","WATERABST","TOT","MLN_M3","A","1989",3241,
"EST","WATERABST","TOT","MLN_M3","A","1990",3215,
"EST","WATERABST","TOT","MLN_M3","A","1991",2971,
"EST","WATERABST","TOT","MLN_M3","A","1992",2630,
"EST","WATERABST","TOT","MLN_M3","A","1993",2006,
"EST","WATERABST","TOT","MLN_M3","A","1994",1912,
"EST","WATERABST","TOT","MLN_M3","A","1995",1780,
"EST","WATERABST","TOT","MLN_M3","A","1996",1630,"E"
"EST","WATERABST","TOT","MLN_M3","A","1997",1628,"E"
"EST","WATERABST","TOT","MLN_M3","A","1998",1598,"E"
"EST","WATERABST","TOT","MLN_M3","A","1999",1527,"E"
"EST","WATERABST","TOT","MLN_M3","A","2000",1470.90002,
"EST","WATERABST","TOT","MLN_M3","A","2001",1471.19995,
"EST","WATERABST","TOT","MLN_M3","A","2002",1413.19995,
"EST","WATERABST","TOT","MLN_M3","A","2003",1703.69995,
"EST","WATERABST","TOT","MLN_M3","A","2004",1749.59998,
"EST","WATERABST","TOT","MLN_M3","A","2005",1578,"E"
"EST","WATERABST","TOT","MLN_M3","A","2006",1560.09998,
"EST","WATERABST","TOT","MLN_M3","A","2007",1834.30005,
"EST","WATERABST","TOT","MLN_M3","A","2008",1605.30005,
"EST","WATERABST","TOT","MLN_M3","A","2009",1388,"E"
"EST","WATERABST","TOT","MLN_M3","A","2010",1842,"E"
"EST","WATERABST","TOT","MLN_M3","A","2011",1873.80005,
"EST","WATERABST","TOT","MLN_M3","A","2012",1631,"E"
"EST","WATERABST","TOT","MLN_M3","A","2013",1747.80005,
"EST","WATERABST","TOT","MLN_M3","A","2014",1724,"E"
"EST","WATERABST","TOT","MLN_M3","A","2015",1616,"E"
"EST","WATERABST","TOT","MLN_M3","A","2016",1756,"E"
"EST","WATERABST","TOT","MLN_M3","A","2017",1788.55005,
"ISR","WATERABST","TOT","MLN_M3","A","1990",1780,
"ISR","WATERABST","TOT","MLN_M3","A","1995",1812,
"ISR","WATERABST","TOT","MLN_M3","A","2000",1727,
"ISR","WATERABST","TOT","MLN_M3","A","2001",1609,
"ISR","WATERABST","TOT","MLN_M3","A","2002",1624,
"ISR","WATERABST","TOT","MLN_M3","A","2003",1682,
"ISR","WATERABST","TOT","MLN_M3","A","2004",1803,
"ISR","WATERABST","TOT","MLN_M3","A","2005",1728,
"ISR","WATERABST","TOT","MLN_M3","A","2006",1637,
"ISR","WATERABST","TOT","MLN_M3","A","2007",1689,
"ISR","WATERABST","TOT","MLN_M3","A","2008",1595,
"ISR","WATERABST","TOT","MLN_M3","A","2009",1313,
"ISR","WATERABST","TOT","MLN_M3","A","2010",1340,
"ISR","WATERABST","TOT","MLN_M3","A","2011",1266,
"ISR","WATERABST","TOT","MLN_M3","A","2012",1318,
"ISR","WATERABST","TOT","MLN_M3","A","2013",1296,
"ISR","WATERABST","TOT","MLN_M3","A","2014",1271,
"ISR","WATERABST","TOT","MLN_M3","A","2015",1145,
"ISR","WATERABST","TOT","MLN_M3","A","2016",1199,
"ISR","WATERABST","TOT","MLN_M3","A","2017",1201,
"ISR","WATERABST","TOT","MLN_M3","A","2018",1112,
"SVN","WATERABST","TOT","MLN_M3","A","1980",391,
"SVN","WATERABST","TOT","MLN_M3","A","1996",331.4,"E"
"SVN","WATERABST","TOT","MLN_M3","A","1997",327.5,"E"
"SVN","WATERABST","TOT","MLN_M3","A","1998",304.6,"E"
"SVN","WATERABST","TOT","MLN_M3","A","1999",318.2,"E"
"SVN","WATERABST","TOT","MLN_M3","A","2002",899.20001,
"SVN","WATERABST","TOT","MLN_M3","A","2003",848.20001,
"SVN","WATERABST","TOT","MLN_M3","A","2004",985.5,"E"
"SVN","WATERABST","TOT","MLN_M3","A","2005",923.5,
"SVN","WATERABST","TOT","MLN_M3","A","2006",907.09998,
"SVN","WATERABST","TOT","MLN_M3","A","2007",935.40002,
"SVN","WATERABST","TOT","MLN_M3","A","2008",1040,"E"
"SVN","WATERABST","TOT","MLN_M3","A","2009",942.70001,
"SVN","WATERABST","TOT","MLN_M3","A","2010",925.5,"E"
"SVN","WATERABST","TOT","MLN_M3","A","2011",850.29999,
"SVN","WATERABST","TOT","MLN_M3","A","2012",781.29999,
"SVN","WATERABST","TOT","MLN_M3","A","2013",893.29999,
"SVN","WATERABST","TOT","MLN_M3","A","2014",978.20001,
"SVN","WATERABST","TOT","MLN_M3","A","2015",895.09998,
"SVN","WATERABST","TOT","MLN_M3","A","2016",885.09998,
"SVN","WATERABST","TOT","MLN_M3","A","2017",929.59998,
"SVN","WATERABST","TOT","MLN_M3","A","2018",957.40997,
"BRA","WATERABST","TOT","MLN_M3","A","1990",34022.00781,
"BRA","WATERABST","TOT","MLN_M3","A","1995",36426.48047,
"BRA","WATERABST","TOT","MLN_M3","A","1996",36152.01172,
"BRA","WATERABST","TOT","MLN_M3","A","1997",36879.16016,
"BRA","WATERABST","TOT","MLN_M3","A","1998",38890.15234,
"BRA","WATERABST","TOT","MLN_M3","A","1999",42260.52734,
"BRA","WATERABST","TOT","MLN_M3","A","2000",42483.0625,
"BRA","WATERABST","TOT","MLN_M3","A","2001",44143.13281,
"BRA","WATERABST","TOT","MLN_M3","A","2002",44521.19922,
"BRA","WATERABST","TOT","MLN_M3","A","2003",45752.66797,
"BRA","WATERABST","TOT","MLN_M3","A","2004",48982.27344,
"BRA","WATERABST","TOT","MLN_M3","A","2005",50677.6875,
"BRA","WATERABST","TOT","MLN_M3","A","2006",51860.01953,
"BRA","WATERABST","TOT","MLN_M3","A","2007",53887.98438,
"BRA","WATERABST","TOT","MLN_M3","A","2008",55668.22656,
"BRA","WATERABST","TOT","MLN_M3","A","2009",52335.17578,
"BRA","WATERABST","TOT","MLN_M3","A","2010",58846.90625,
"BRA","WATERABST","TOT","MLN_M3","A","2011",56596.03,
"BRA","WATERABST","TOT","MLN_M3","A","2012",63095.65,
"BRA","WATERABST","TOT","MLN_M3","A","2013",62212.25,
"BRA","WATERABST","TOT","MLN_M3","A","2014",64436.5,
"BRA","WATERABST","TOT","MLN_M3","A","2015",63798.26,
"BRA","WATERABST","TOT","MLN_M3","A","2016",63045.68,
"CHN","WATERABST","TOT","MLN_M3","A","1999",559055,
"CHN","WATERABST","TOT","MLN_M3","A","2000",550960,
"CHN","WATERABST","TOT","MLN_M3","A","2001",554560,
"CHN","WATERABST","TOT","MLN_M3","A","2002",547680,
"CHN","WATERABST","TOT","MLN_M3","A","2003",530410,
"CHN","WATERABST","TOT","MLN_M3","A","2004",553060,
"CHN","WATERABST","TOT","MLN_M3","A","2005",561100,
"CHN","WATERABST","TOT","MLN_M3","A","2006",577220,
"CHN","WATERABST","TOT","MLN_M3","A","2007",579300,
"CHN","WATERABST","TOT","MLN_M3","A","2008",588120,
"CHN","WATERABST","TOT","MLN_M3","A","2009",593399,
"CHN","WATERABST","TOT","MLN_M3","A","2010",598890,
"CHN","WATERABST","TOT","MLN_M3","A","2011",606240,
"CHN","WATERABST","TOT","MLN_M3","A","2012",608660,
"CHN","WATERABST","TOT","MLN_M3","A","2013",613350,
"CHN","WATERABST","TOT","MLN_M3","A","2014",603740,
"CHN","WATERABST","TOT","MLN_M3","A","2015",603870,
"CHN","WATERABST","TOT","MLN_M3","A","2016",596940,
"CHN","WATERABST","TOT","MLN_M3","A","2017",596220,
"COL","WATERABST","TOT","MLN_M3","A","2014",139957.24,
"COL","WATERABST","TOT","MLN_M3","A","2015",143598.05,
"COL","WATERABST","TOT","MLN_M3","A","2016",154283.52,
"LVA","WATERABST","TOT","MLN_M3","A","2000",285.358,
"LVA","WATERABST","TOT","MLN_M3","A","2001",266.19101,
"LVA","WATERABST","TOT","MLN_M3","A","2002",266.40799,
"LVA","WATERABST","TOT","MLN_M3","A","2003",264.849,
"LVA","WATERABST","TOT","MLN_M3","A","2004",238.933,
"LVA","WATERABST","TOT","MLN_M3","A","2005",249.82899,
"LVA","WATERABST","TOT","MLN_M3","A","2006",218.96001,
"LVA","WATERABST","TOT","MLN_M3","A","2007",218.30099,
"LVA","WATERABST","TOT","MLN_M3","A","2008",227.75301,
"LVA","WATERABST","TOT","MLN_M3","A","2009",239.19501,
"LVA","WATERABST","TOT","MLN_M3","A","2010",200.35201,
"LVA","WATERABST","TOT","MLN_M3","A","2011",176.214,
"LVA","WATERABST","TOT","MLN_M3","A","2012",187.097,
"LVA","WATERABST","TOT","MLN_M3","A","2013",180.114,
"LVA","WATERABST","TOT","MLN_M3","A","2014",168.37801,
"LVA","WATERABST","TOT","MLN_M3","A","2015",176.612,
"LVA","WATERABST","TOT","MLN_M3","A","2016",185.655,
"LVA","WATERABST","TOT","MLN_M3","A","2017",180.965,
"LVA","WATERABST","TOT","MLN_M3","A","2018",205.479,
"RUS","WATERABST","TOT","MLN_M3","A","1980",111297,
"RUS","WATERABST","TOT","MLN_M3","A","1981",111297,
"RUS","WATERABST","TOT","MLN_M3","A","1982",105531,
"RUS","WATERABST","TOT","MLN_M3","A","1983",99844,
"RUS","WATERABST","TOT","MLN_M3","A","1984",91093,
"RUS","WATERABST","TOT","MLN_M3","A","1985",91921,
"RUS","WATERABST","TOT","MLN_M3","A","1986",87367,
"RUS","WATERABST","TOT","MLN_M3","A","1987",84845,
"RUS","WATERABST","TOT","MLN_M3","A","1988",82973,
"RUS","WATERABST","TOT","MLN_M3","A","1989",82064,
"RUS","WATERABST","TOT","MLN_M3","A","1990",110402,
"RUS","WATERABST","TOT","MLN_M3","A","1992",105531,
"RUS","WATERABST","TOT","MLN_M3","A","1993",99844,
"RUS","WATERABST","TOT","MLN_M3","A","1994",91093,
"RUS","WATERABST","TOT","MLN_M3","A","1995",91921,
"RUS","WATERABST","TOT","MLN_M3","A","1996",87367,
"RUS","WATERABST","TOT","MLN_M3","A","1997",84845,
"RUS","WATERABST","TOT","MLN_M3","A","1998",82973,
"RUS","WATERABST","TOT","MLN_M3","A","1999",82064,
"RUS","WATERABST","TOT","MLN_M3","A","2000",80784,
"RUS","WATERABST","TOT","MLN_M3","A","2001",78736,
"RUS","WATERABST","TOT","MLN_M3","A","2002",78411,
"RUS","WATERABST","TOT","MLN_M3","A","2003",76855,
"RUS","WATERABST","TOT","MLN_M3","A","2004",74209,
"RUS","WATERABST","TOT","MLN_M3","A","2005",74366,
"RUS","WATERABST","TOT","MLN_M3","A","2006",74305,
"RUS","WATERABST","TOT","MLN_M3","A","2007",74633,
"RUS","WATERABST","TOT","MLN_M3","A","2008",74354,
"RUS","WATERABST","TOT","MLN_M3","A","2009",69915,
"RUS","WATERABST","TOT","MLN_M3","A","2010",72685,
"RUS","WATERABST","TOT","MLN_M3","A","2011",68652,
"RUS","WATERABST","TOT","MLN_M3","A","2012",66296,
"RUS","WATERABST","TOT","MLN_M3","A","2013",65104,
"RUS","WATERABST","TOT","MLN_M3","A","2014",64807,
"RUS","WATERABST","TOT","MLN_M3","A","2015",62163,
"RUS","WATERABST","TOT","MLN_M3","A","2016",63000,
"RUS","WATERABST","TOT","MLN_M3","A","2017",62648,
"LTU","WATERABST","TOT","MLN_M3","A","1985",2810,
"LTU","WATERABST","TOT","MLN_M3","A","1990",4311,
"LTU","WATERABST","TOT","MLN_M3","A","1993",4388,
"LTU","WATERABST","TOT","MLN_M3","A","1994",3996.8999,
"LTU","WATERABST","TOT","MLN_M3","A","1995",4582,
"LTU","WATERABST","TOT","MLN_M3","A","1996",5696,"E"
"LTU","WATERABST","TOT","MLN_M3","A","1997",4786,"E"
"LTU","WATERABST","TOT","MLN_M3","A","1998",5125,"E"
"LTU","WATERABST","TOT","MLN_M3","A","1999",4644,"E"
"LTU","WATERABST","TOT","MLN_M3","A","2000",3578,"E"
"LTU","WATERABST","TOT","MLN_M3","A","2001",2768,"E"
"LTU","WATERABST","TOT","MLN_M3","A","2002",3123.68994,
"LTU","WATERABST","TOT","MLN_M3","A","2003",3324.70996,
"LTU","WATERABST","TOT","MLN_M3","A","2004",3278.13989,
"LTU","WATERABST","TOT","MLN_M3","A","2005",2364.86011,
"LTU","WATERABST","TOT","MLN_M3","A","2006",2081.04004,
"LTU","WATERABST","TOT","MLN_M3","A","2007",2268.98999,
"LTU","WATERABST","TOT","MLN_M3","A","2008",2274.86401,
"LTU","WATERABST","TOT","MLN_M3","A","2009",2411.86694,
"LTU","WATERABST","TOT","MLN_M3","A","2010",741.26001,
"LTU","WATERABST","TOT","MLN_M3","A","2011",612.078,
"LTU","WATERABST","TOT","MLN_M3","A","2012",668.72302,
"LTU","WATERABST","TOT","MLN_M3","A","2013",443.10199,
"LTU","WATERABST","TOT","MLN_M3","A","2014",388.616,
"LTU","WATERABST","TOT","MLN_M3","A","2015",410.5,"E"
"LTU","WATERABST","TOT","MLN_M3","A","2016",340.12799,
"LTU","WATERABST","TOT","MLN_M3","A","2017",291.61801,
"LTU","WATERABST","TOT","MLN_M3","A","2018",285.96301,
"CRI","WATERABST","TOT","MLN_M3","A","2005",140.02,
"CRI","WATERABST","TOT","MLN_M3","A","2006",204.24,
"CRI","WATERABST","TOT","MLN_M3","A","2007",268.58,
"CRI","WATERABST","TOT","MLN_M3","A","2008",384.46,
"CRI","WATERABST","TOT","MLN_M3","A","2009",486.42,
"CRI","WATERABST","TOT","MLN_M3","A","2010",853.33,
"CRI","WATERABST","TOT","MLN_M3","A","2011",1066.21,
"CRI","WATERABST","TOT","MLN_M3","A","2012",1246.02,
"CRI","WATERABST","TOT","MLN_M3","A","2013",1347.41,
"CRI","WATERABST","TOT","MLN_M3","A","2014",1656.33,
"CRI","WATERABST","TOT","MLN_M3","A","2015",1992.94,
"CRI","WATERABST","TOT","MLN_M3","A","2016",2885.91,
"CRI","WATERABST","TOT","MLN_M3","A","2017",2917.06934,
"IDN","WATERABST","TOT","MLN_M3","A","1990",764,
"IDN","WATERABST","TOT","MLN_M3","A","1995",1158,
"IDN","WATERABST","TOT","MLN_M3","A","1996",1460,
"IDN","WATERABST","TOT","MLN_M3","A","1997",1510,
"IDN","WATERABST","TOT","MLN_M3","A","1998",1684,
"IDN","WATERABST","TOT","MLN_M3","A","1999",1466,
"IDN","WATERABST","TOT","MLN_M3","A","2000",1512,
"IDN","WATERABST","TOT","MLN_M3","A","2001",1658,
"IDN","WATERABST","TOT","MLN_M3","A","2002",2095,
"IDN","WATERABST","TOT","MLN_M3","A","2003",2303,
"IDN","WATERABST","TOT","MLN_M3","A","2004",2144,
"IDN","WATERABST","TOT","MLN_M3","A","2005",2353,
"ZAF","WATERABST","TOT","MLN_M3","A","2000",13242,
